resi1,resi2,dist
254,290,23.498042203902397
254,316,19.731694762031
254,347,29.378023567567638
290,316,10.280136028172953
290,347,12.757223933512273
316,347,10.510162959942305
