prot1,resi1,prot2,resi2,dist
chain_A,37,chain_A,61,34.51326663400308
chain_A,37,chain_A,98,18.107199652309177
chain_A,61,chain_A,98,30.547541981169392
chain_B,254,chain_B,290,23.4980422039024
chain_B,254,chain_B,316,19.731694762030997
chain_B,254,chain_B,347,29.37802356756764
chain_B,290,chain_B,316,10.280136028172954
chain_B,290,chain_B,347,12.757223933512273
chain_B,316,chain_B,347,10.510162959942305
