resi1,resi2,dist
1,31,20.430107666866466
1,37,17.568765381387305
1,61,30.42996497814496
1,98,31.18457374409783
1,104,31.80543342006773
31,37,7.414148350809268
31,61,32.7713798988147
31,98,13.857977550807998
31,104,24.304427423300353
37,61,34.513266634003074
37,98,18.107199652309177
37,104,28.31347479610707
61,98,30.547541981169392
61,104,14.99823741768868
98,104,17.863687646835125
