resi1,resi2,dist
37,61,34.513266634003074
37,98,18.107199652309177
61,98,30.547541981169392
