prot1,resi1,prot2,resi2,dist
chain_A,1,chain_A,31,20.430107666866462
chain_A,1,chain_A,37,17.568765381387305
chain_A,1,chain_A,61,30.429964978144962
chain_A,1,chain_A,98,31.18457374409783
chain_A,1,chain_A,104,31.80543342006773
chain_A,31,chain_A,37,7.414148350809268
chain_A,31,chain_A,61,32.7713798988147
chain_A,31,chain_A,98,13.857977550807998
chain_A,31,chain_A,104,24.30442742330035
chain_A,37,chain_A,61,34.51326663400308
chain_A,37,chain_A,98,18.107199652309177
chain_A,37,chain_A,104,28.31347479610707
chain_A,61,chain_A,98,30.547541981169392
chain_A,61,chain_A,104,14.99823741768868
chain_A,98,chain_A,104,17.863687646835125
chain_B,81,chain_B,141,17.022015548353014
chain_B,81,chain_B,254,32.985934450964656
chain_B,81,chain_B,290,49.37576779614019
chain_B,81,chain_B,316,43.71064725399331
chain_B,81,chain_B,347,53.74674939119745
chain_B,81,chain_B,449,48.085478108857586
chain_B,141,chain_B,254,18.2460696853535
chain_B,141,chain_B,290,33.35988990498499
chain_B,141,chain_B,316,29.29652091634394
chain_B,141,chain_B,347,39.713060569811965
chain_B,141,chain_B,449,43.01674636761199
chain_B,254,chain_B,290,23.4980422039024
chain_B,254,chain_B,316,19.731694762030997
chain_B,254,chain_B,347,29.37802356756764
chain_B,254,chain_B,449,36.41660852385785
chain_B,290,chain_B,316,10.280136028172954
chain_B,290,chain_B,347,12.757223933512273
chain_B,290,chain_B,449,40.953461873785116
chain_B,316,chain_B,347,10.510162959942305
chain_B,316,chain_B,449,31.028303599029236
chain_B,347,chain_B,449,32.85767851604053
