resi1,resi2,dist
81,141,17.022015548353018
81,254,32.985934450964656
81,290,49.37576779614018
81,316,43.71064725399331
81,347,53.746749391197454
81,449,48.08547810885759
141,254,18.2460696853535
141,290,33.35988990498499
141,316,29.29652091634394
141,347,39.71306056981197
141,449,43.01674636761199
254,290,23.498042203902397
254,316,19.731694762031
254,347,29.378023567567638
254,449,36.41660852385785
290,316,10.280136028172953
290,347,12.757223933512273
290,449,40.953461873785116
316,347,10.510162959942305
316,449,31.02830359902924
347,449,32.85767851604053
