resi1,resi2,dist
41,84,20.118875173906567
41,141,27.472539585944
41,168,33.001803882113045
41,212,49.21791222173832
41,254,43.86383439558774
41,278,53.51489600185443
41,282,46.989049405667686
41,290,52.179381533414976
41,316,46.66805469127046
41,336,57.815208632595045
41,347,54.98863351272476
41,449,51.42594154775997
84,141,9.410742982604194
84,168,14.184731746960267
84,212,34.41998596470954
84,254,25.21206743632543
84,278,34.74268604796053
84,282,28.83496850328473
84,290,39.866786127665065
84,316,34.10309863189384
84,336,40.2099345473066
84,347,44.112726830905494
84,449,41.523447526754666
141,168,5.753964199445225
141,212,25.163136156502038
141,254,18.2460696853535
141,278,27.13709957624124
141,282,22.666934619077157
141,290,33.35988990498499
141,316,29.29652091634394
141,336,35.385811061700174
141,347,39.71306056981197
141,449,43.01674636761199
168,212,22.29880558277842
168,254,14.977872569384337
168,278,22.91956159099497
168,282,19.91046948938977
168,290,32.837063878931716
168,316,29.5041239019104
168,336,32.74753273414341
168,347,39.987354650806715
168,449,44.1879644961834
212,254,20.413979693722254
212,278,20.177697731136988
212,282,23.292862688214672
212,290,22.685741525639127
212,316,27.15987748103711
212,336,34.158223700641734
212,347,34.763981365345714
212,449,54.121704259883366
254,278,9.870492466284453
254,282,5.174198927247434
254,290,23.498042203902397
254,316,19.731694762031
254,336,18.282590859668247
254,347,29.378023567567638
254,449,36.41660852385785
278,282,9.146489223515001
278,290,23.978716494333753
278,316,23.12918857028264
278,336,15.880110317110345
278,347,30.66945668544352
278,449,41.35576383859397
282,290,21.8789994781317
282,316,17.33726450533473
282,336,13.347893096241396
282,347,26.13947839556873
282,449,33.18522377288538
290,316,10.280136028172953
290,336,26.83889606745335
290,347,12.757223933512273
290,449,40.953461873785116
316,336,21.946859903571273
316,347,10.510162959942305
316,449,31.02830359902924
336,347,26.305206565036908
336,449,29.457034935815262
347,449,32.85767851604053
