prot1,resi1,prot2,resi2,dist
chain_A,184,chain_A,433,31.759561850694105
chain_A,184,chain_A,764,39.64708230995888
chain_A,433,chain_A,764,33.395004079602
chain_B,47,chain_B,51,12.431196025779657
chain_B,47,chain_B,60,40.18040658900777
chain_B,47,chain_B,63,41.233032281598966
chain_B,47,chain_B,99,37.65914447892806
chain_B,47,chain_B,125,26.1825978174186
chain_B,47,chain_B,126,26.77753374584838
chain_B,47,chain_B,135,20.510252943169537
chain_B,47,chain_B,158,21.87750598973029
chain_B,51,chain_B,60,29.28824051011989
chain_B,51,chain_B,63,31.3766237831934
chain_B,51,chain_B,99,31.960787354429822
chain_B,51,chain_B,125,21.46831161177926
chain_B,51,chain_B,126,22.413267447833878
chain_B,51,chain_B,135,16.03655649524315
chain_B,51,chain_B,158,21.56131857156708
chain_B,60,chain_B,63,6.429916910691755
chain_B,60,chain_B,99,20.206945890720004
chain_B,60,chain_B,125,22.69601080334006
chain_B,60,chain_B,126,22.728471996881055
chain_B,60,chain_B,135,24.940679438895174
chain_B,60,chain_B,158,36.40861730734414
chain_B,63,chain_B,99,16.78364789936392
chain_B,63,chain_B,125,19.99731330835907
chain_B,63,chain_B,126,20.163969251490844
chain_B,63,chain_B,135,23.53523408614738
chain_B,63,chain_B,158,34.79554972980643
chain_B,99,chain_B,125,15.253226728064693
chain_B,99,chain_B,126,12.464023560960765
chain_B,99,chain_B,135,20.779081485256143
chain_B,99,chain_B,158,34.56601198497439
chain_B,125,chain_B,126,3.829637120938285
chain_B,125,chain_B,135,6.327529866118027
chain_B,125,chain_B,158,19.331896254323446
chain_B,126,chain_B,135,8.749956819709348
chain_B,126,chain_B,158,22.563572613180117
chain_B,135,chain_B,158,14.888913257658773
