resi1,resi2,dist
115,184,31.857909309265658
115,214,33.46845544003553
115,433,20.08592551514961
115,446,62.53900545215652
115,545,29.966795960750908
115,764,49.76133519648987
184,214,19.039134024370863
184,433,31.7595618506941
184,446,43.29978467952222
184,545,24.874598227871946
184,764,39.64708230995888
214,433,23.47642220887007
214,446,29.71528556668013
214,545,10.228341707682297
214,764,21.304198790035347
433,446,49.81298154194882
433,545,21.624526428169865
433,764,33.395004079601996
446,545,33.409326922171786
446,764,20.040873250451547
545,764,23.30228999682941
