resi1,resi2,dist
1,7,9.80709947427126
1,31,20.430107666866466
1,37,17.568765381387305
1,41,20.721060243864738
1,66,27.512858130756555
1,91,29.90897117773095
1,98,31.18457374409783
1,104,31.80543342006773
7,31,14.806607345909724
7,37,14.269839092810589
7,41,13.82699670765225
7,66,19.944678479189225
7,91,24.720885644758344
7,98,22.676457135874344
7,104,22.14121277172195
31,37,7.414148350809268
31,41,9.981174238014052
31,66,27.10853232526257
31,91,14.701312922891846
31,98,13.857977550807998
31,104,24.304427423300353
37,41,8.580765446175812
37,66,26.509397673291822
37,91,13.048120211508166
37,98,18.107199652309177
37,104,28.31347479610707
41,66,19.103714666534266
41,91,11.514405786170185
41,98,12.71338141546026
41,104,21.711418649983067
66,91,28.17103409311778
66,98,23.72931149953621
66,104,17.015946036089428
91,98,14.269424942768874
91,104,29.878561973280163
98,104,17.863687646835125
