resi1,resi2,dist
184,433,31.7595618506941
184,764,39.64708230995888
433,764,33.395004079601996
